{
    "foods": {
        "eggs": {
            "volume": 0.0001,
            "cost": 8.1,
            "calories": 1310,
            "shortage_penalty": 16.2,
            "salvage_value": 0.81,
            "service_level": 0.2
        },
        "chicken": {
            "volume": 0.001,
            "cost": 20.67,
            "calories": 1825,
            "shortage_penalty": 41.34,
            "salvage_value": 2.067,
            "service_level": 0.2
        },
        "beef": {
            "volume": 0.001,
            "cost": 61.13,
            "calories": 1250,
            "shortage_penalty": 122.26,
            "salvage_value": 6.113,
            "service_level": 0.2
        },
        "ice_cream": {
            "volume": 0.0005,
            "cost": 20.0,
            "calories": 2520,
            "shortage_penalty": 40.0,
            "salvage_value": 2.0,
            "service_level": 0.2
        },
        "potatoes": {
            "volume": 0.0008,
            "cost": 3.5,
            "calories": 805,
            "shortage_penalty": 7.0,
            "salvage_value": 0.35000000000000003,
            "service_level": 0.2
        },
        "flour": {
            "volume": 0.0006,
            "cost": 5.5,
            "calories": 3600,
            "shortage_penalty": 11.0,
            "salvage_value": 0.55,
            "service_level": 0.2
        },
        "salmon": {
            "volume": 0.0012,
            "cost": 75.0,
            "calories": 2080,
            "shortage_penalty": 150.0,
            "salvage_value": 7.5,
            "service_level": 0.2
        },
        "lobster_tails": {
            "volume": 0.002,
            "cost": 200.0,
            "calories": 970,
            "shortage_penalty": 400.0,
            "salvage_value": 20.0,
            "service_level": 0.2
        },
        "french_fries": {
            "volume": 0.0008,
            "cost": 20.0,
            "calories": 2000,
            "shortage_penalty": 40.0,
            "salvage_value": 2.0,
            "service_level": 0.2
        },
        "bacon": {
            "volume": 0.001,
            "cost": 55.0,
            "calories": 2500,
            "shortage_penalty": 110.0,
            "salvage_value": 5.5,
            "service_level": 0.2
        },
        "tortillas": {
            "volume": 0.0005,
            "cost": 10.0,
            "calories": 2370,
            "shortage_penalty": 20.0,
            "salvage_value": 1.0,
            "service_level": 0.2
        },
        "chicken_wings": {
            "volume": 0.001,
            "cost": 35.0,
            "calories": 2100,
            "shortage_penalty": 70.0,
            "salvage_value": 3.5,
            "service_level": 0.2
        },
        "coffee": {
            "volume": 0.0002,
            "cost": 125.0,
            "calories": 1,
            "shortage_penalty": 250.0,
            "salvage_value": 12.5,
            "service_level": 0.2
        },
        "tea": {
            "volume": 0.0002,
            "cost": 200.0,
            "calories": 1,
            "shortage_penalty": 400.0,
            "salvage_value": 20.0,
            "service_level": 0.2
        }
    },
    "substitutions": {
        "chicken": [
            {
                "food": "beef",
                "calories_ratio": 1.46,
                "penalty": 2.067
            },
            {
                "food": "salmon",
                "calories_ratio": 0.8774038461538461,
                "penalty": 2.067
            }
        ],
        "salmon": [
            {
                "food": "beef",
                "calories_ratio": 1.664,
                "penalty": 7.5
            }
        ],
        "potatoes": [
            {
                "food": "french_fries",
                "calories_ratio": 0.4025,
                "penalty": 0.35000000000000003
            }
        ],
        "chicken_wings": [
            {
                "food": "bacon",
                "calories_ratio": 0.84,
                "penalty": 3.5
            }
        ],
        "coffee": [
            {
                "food": "tea",
                "calories_ratio": 1.0,
                "penalty": 12.5
            }
        ]
    },
    "storage_capacity": {
        "frozen": 100,
        "refrigerated": 80,
        "ambient": 50
    }
}